Prefix,First Name,Middle Name,Last Name,Suffix,Country Code,Area Code,Prefix,Line,Extension,Twitter,Email
Mrs.,Theresa,E.,Stamm,"",1,678,523,6736,"",Reinger,kieran@runte.biz
"",Keara,"",Maggio,"",1,399,471,4388,9581,Weber,cayla@lubowitz.com
"",Daren,S.,Padberg,DVM,"",240,399,5583,73790,Hessel,augusta@stoltenberg.com
"",Claud,"",Auer,"","",561,024,9548,165,Mraz,jettie_friesen@weber.com
Mrs.,Sam,"",Parisian,"","",818,657,9309,5633,Quigley,lavon.quitzon@schinnercain.biz
"",Ciara,X.,Windler,II,"",575,225,1469,240,Labadie,ryan_moore@hagenesmiller.com
"",Davion,G.,Streich,"","",333,783,4674,18711,Schneider,ole.bashirian@murazikmonahan.org
"",Joyce,"",Crooks,"","",176,409,1412,"",Conn,easter_thompson@will.biz
"",Brandyn,"",Sawayn,MD,"",976,736,2127,"",Weber,brenna@frami.biz
Dr.,"","",Bins,"",1,543,553,4396,596,Borer,kay@abbottmoen.org
"",Vanessa,"",Satterfield,"","",307,861,5110,"",Tremblay,ken_kunze@keeling.com
"",Mitchel,"",Windler,"","",802,475,2500,26859,Russel,janelle.grady@bahringerreynolds.info
"",Unique,"",Fahey,"",1,760,118,1412,"",Littel,charles.gaylord@hane.com
Ms.,"","",Green,"","",272,050,0915,738,Ferry,regan_robel@bradtkelindgren.info
Miss,"","",Casper,"",1,973,446,8339,372,Koch,rubie.bergstrom@zboncakhansen.org
"",Wendell,H.,Hackett,"","",162,998,7540,"",Ward,weston.wiegand@hamill.biz
"",Kurt,"",Cormier,"","",297,730,2039,"",Eichmann,adell@doylemetz.net
"",Jerrold,"",Lehner,"","",924,265,3375,31624,Rolfson,joany_wilkinson@daughertyrippin.info
"",Jimmie,"",Lesch,"","",915,822,1549,"",Mertz,ryan_balistreri@koeppkerluke.net
